Txn Date,Value Date,UTR,Reference,Narration,Debit,Credit,Closing Balance
2025-04-03,2025-04-03,UTR001,UTR001,Receipt INV-001,0,11800,11800
2025-04-04,2025-04-04,UTR002,UTR002,Receipt INV-002,0,14160,25960
2025-04-05,2025-04-05,UTR003,UTR003,Receipt INV-003,0,9440,35400
2025-04-06,2025-04-06,UTR004,UTR004,Receipt INV-004,0,17700,53100
2025-04-07,2025-04-07,UTR005,UTR005,Receipt INV-005,0,10000,63100
2025-04-08,2025-04-08,UTR006,UTR006,Receipt INV-006,0,12980,76080
2025-04-09,2025-04-09,UTR007,UTR007,Receipt INV-007,0,8260,84340
2025-04-10,2025-04-10,UTR008,UTR008,Receipt INV-008,0,7080,91420
2025-04-10,2025-04-10,OTHER-001,OTHER-001,Unrelated receipt with same amount as INV-006,0,12980,104400
